id,asset_id,title,url,terms,phrases,strong,error
130042,90140,ANGORA RABBIT FARM,https://www.britishpathe.com/asset/90140/,rabbi,rabbi,1,
130076,68568,JEWS AND ARABS CLASH IN PALESTINE,https://www.britishpathe.com/asset/68568/,jew,,0,
132076,104932,ARABS / JEWS,https://www.britishpathe.com/asset/104932/,jew,,0,
132483,187623,RABBIT COATS (issue title is LET,https://www.britishpathe.com/asset/187623/,rabbi,rabbi,1,
133424,259599,"Jewish Life Berlin, Vienna, and Prague",https://www.britishpathe.com/asset/259599/,"jew,jewish",jewish,1,
133499,259561,Jewish Life in Central Europe and Palestine,https://www.britishpathe.com/asset/259561/,"jew,jewish",jewish,1,
134032,95958,GERMAN JEWS REMEMBER HOLOCAUST,https://www.britishpathe.com/asset/95958/,jew,holocaust,1,
134167,187159,RABBITS (issue title - ALL IN FAVOUR),https://www.britishpathe.com/asset/187159/,rabbi,rabbi,1,
135398,259403,Jewish Wedding in the USA,https://www.britishpathe.com/asset/259403/,"jew,jewish",jewish,1,
136557,83354,EAR-RINGS [sic] (aka JUNK JEWELLERY),https://www.britishpathe.com/asset/83354/,jew,,0,
138196,191853,CROWN JEWELS,https://www.britishpathe.com/asset/191853/,jew,,0,
138276,191773,JEWELLERY ON SHOW IN BRUSSELS,https://www.britishpathe.com/asset/191773/,jew,,0,
138827,82008,BONNY BUNNY BUSINESS (aka RABBIT SHOW) (Dublin issue),https://www.britishpathe.com/asset/82008/,rabbi,rabbi,1,
138876,81970,JEWELLERY DESIGN,https://www.britishpathe.com/asset/81970/,jew,,0,
139090,82156,RABBITS ON PARADE (Dublin issue),https://www.britishpathe.com/asset/82156/,rabbi,rabbi,1,
144179,82367,RABBITS HYPNOTISED,https://www.britishpathe.com/asset/82367/,rabbi,rabbi,1,
144977,191657,NEW BUILDING FOR JEWELLERY EXHIBITION,https://www.britishpathe.com/asset/191657/,jew,,0,
146437,81280,JEWELLERY,https://www.britishpathe.com/asset/81280/,jew,,0,
147064,81407,ANGORA RABBITS,https://www.britishpathe.com/asset/81407/,rabbi,rabbi,1,
147239,81319,JEWELLED SHOES,https://www.britishpathe.com/asset/81319/,jew,,0,
147457,81508,JEWELLERY,https://www.britishpathe.com/asset/81508/,jew,,0,
147602,197835,PRINCESS ALEXANDRA OPENS NEW JEWISH BOYS CLUB,https://www.britishpathe.com/asset/197835/,"jew,jewish",jewish,1,
148517,103076,EGYPTIAN CROWN JEWELS ON SHOW BEFORE AUCTION SALE,https://www.britishpathe.com/asset/103076/,jew,,0,
149075,197792,SALVADOR DALI JEWEL EXHIBITION,https://www.britishpathe.com/asset/197792/,jew,,0,
149494,258237,Rabbit Holes Trainlines Babies Being Walked In Park And Various Birds,https://www.britishpathe.com/asset/258237/,rabbi,rabbi,1,
149499,258234,Beach Fun And Poorly Rabbit In Field Possibly With Myxomatosis,https://www.britishpathe.com/asset/258234/,rabbi,rabbi,1,
149697,80367,TAME RABBIT,https://www.britishpathe.com/asset/80367/,rabbi,rabbi,1,
150077,80986,JEWELS AND FASHIONS,https://www.britishpathe.com/asset/80986/,jew,,0,
150342,80808,ANGORA RABBITS (issue title -,https://www.britishpathe.com/asset/80808/,rabbi,rabbi,1,
150768,197595,WATCH AND JEWELLERY TRADE FAIR,https://www.britishpathe.com/asset/197595/,jew,,0,
151219,94224,THE BRITISH CROWN JEWELS,https://www.britishpathe.com/asset/94224/,jew,,0,
152012,79672,FOX RABBITS AND MONKEY (aka RARE FAMILY),https://www.britishpathe.com/asset/79672/,,,0,The read operation timed out
153684,190567,DALI JEWELS ON SHOW,https://www.britishpathe.com/asset/190567/,jew,,0,
156346,101927,THE BOMB - PROFESSOR RAJEWSKY INTERVIEWED ON FALL OUT DANGER,https://www.britishpathe.com/asset/101927/,jew,,0,
156914,196757,JEWISH EX-SERVICEMEN,https://www.britishpathe.com/asset/196757/,"jew,jewish",jewish,1,
157648,78320,JEWELS DOWN THE YEARS,https://www.britishpathe.com/asset/78320/,jew,,0,
159128,101725,RUSSIAN CROWN JEWELS,https://www.britishpathe.com/asset/101725/,jew,,0,
159190,77063,THE JEWISH BATTALION READY,https://www.britishpathe.com/asset/77063/,"jew,jewish",jewish,1,
159357,77246,JEWISH BATTALION,https://www.britishpathe.com/asset/77246/,"jew,jewish",jewish,1,
160179,77530,JEWISH BATTALION,https://www.britishpathe.com/asset/77530/,"jew,jewish",jewish,1,
160428,77614,Rabbit and Vegetable Show,https://www.britishpathe.com/asset/77614/,rabbi,rabbi,1,
162449,76940,JEWISH BATTALION UNIFORMS,https://www.britishpathe.com/asset/76940/,"jew,jewish",jewish,1,
162543,189393,FEMININE PICTORIALITIES NO. 2 - WIRED JEWELLERY,https://www.britishpathe.com/asset/189393/,jew,,0,
162586,189371,BRER RABBIT,https://www.britishpathe.com/asset/189371/,rabbi,rabbi,1,
165005,90972,EINSTEIN AND JEWS EXILED FROM GERMANY,https://www.britishpathe.com/asset/90972/,jew,,0,
165043,90934,JEWISH DEMONSTRATION AGAINST HITLER - NEW YORK,https://www.britishpathe.com/asset/90934/,"jew,jewish",jewish,1,
165985,74655,UNUSUAL LODGERS - SNAKE AND RABBIT,https://www.britishpathe.com/asset/74655/,rabbi,rabbi,1,
166791,75120,JEWISH WEDDING,https://www.britishpathe.com/asset/75120/,"jew,jewish",jewish,1,
167757,100633,JEWISH AGENCY BLOWN UP IN JERUSALEM ( PALESTINE ) aka JEWISH AGENCY BLOWN UP,https://www.britishpathe.com/asset/100633/,"jew,jewish",jewish,1,
167761,100631,CROWN JEWELS,https://www.britishpathe.com/asset/100631/,jew,,0,
167767,100628,CROWN JEWELS,https://www.britishpathe.com/asset/100628/,jew,,0,
167769,100627,CROWN JEWELS,https://www.britishpathe.com/asset/100627/,jew,,0,
167771,100626,THE FIRST PICTURES OF THE CROWN JEWELS IN THE TOWER OF LONDON aka CROWN JEWELS,https://www.britishpathe.com/asset/100626/,jew,,0,
168304,195520,JEWELLERY ON SHOW AT ROYAL COLLEGE OF ART,https://www.britishpathe.com/asset/195520/,jew,,0,
168328,195496,CAROL RUSSELL - JEWELLERY DESIGNER,https://www.britishpathe.com/asset/195496/,jew,,0,
168774,74395,JEWELLERS BODYGUARD,https://www.britishpathe.com/asset/74395/,jew,,0,
169075,90049,MAKING MAZOTH FOR JEWISH PASSOVER,https://www.britishpathe.com/asset/90049/,"jew,jewish","jewish,passover",1,
169967,188147,JEWELS AUCTION (aka RED CROSS JEWELS),https://www.britishpathe.com/asset/188147/,jew,,0,
169971,188145,RABBITS (issue title - SO FUR SO GOOD),https://www.britishpathe.com/asset/188145/,rabbi,rabbi,1,
171024,73736,JEWISH REFUGEES,https://www.britishpathe.com/asset/73736/,"jew,jewish","jewish,refugee",1,
171595,89755,JEWELLERY AND FASHION,https://www.britishpathe.com/asset/89755/,jew,,0,
171605,89745,JEWELLERY DESIGNS,https://www.britishpathe.com/asset/89745/,jew,,0,
172314,192635,CZECHOSLOVAKIA : JEWELLERY FOR WOMEN,https://www.britishpathe.com/asset/192635/,jew,,0,
172785,72364,VILLAGE OF RABBITS,https://www.britishpathe.com/asset/72364/,rabbi,rabbi,1,
173078,72991,ERIC JOHNSTON AT CONFERENCE OF CHRISTIANS AND JEWS,https://www.britishpathe.com/asset/72991/,jew,,0,
173780,99586,ILLEGAL JEWISH IMMIGRANT SHIP,https://www.britishpathe.com/asset/99586/,"jew,jewish",jewish,1,
173781,99585,ILLEGAL JEWISH IMMIGRANT SHIP,https://www.britishpathe.com/asset/99585/,"jew,jewish",jewish,1,
174009,99657,TIME TO REMEMBER - RUN RABBIT RUN ( 1940 ) - reel 4,https://www.britishpathe.com/asset/99657/,rabbi,rabbi,1,
174010,99656,TIME TO REMEMBER - RUN RABBIT RUN ( 1940 ) - reel 3,https://www.britishpathe.com/asset/99656/,rabbi,rabbi,1,
174011,99655,TIME TO REMEMBER - RUN RABBIT RUN ( 1940 ) - reel 2,https://www.britishpathe.com/asset/99655/,rabbi,rabbi,1,
174012,99654,TIME TO REMEMBER - RUN RABBIT RUN ( 1940 ) - reel 1,https://www.britishpathe.com/asset/99654/,rabbi,rabbi,1,
174288,71580,UNSCOP VISIT UNIVERSITY AND HOSPITAL aka UN VISIT HEBREW UNIVERSITY,https://www.britishpathe.com/asset/71580/,hebrew,hebrew,1,
174293,71575,JEWISH AGENCY LAY CASE BEFORE UNSCOP aka JEWS PUT CASE TO UN,https://www.britishpathe.com/asset/71575/,"jew,jewish",jewish,1,
174403,71865,JEWS LEAVE BRITISH DETENTION CAMP FOR PALESTINE aka JEWISH REFUGEES IN DETENTION CAMP,https://www.britishpathe.com/asset/71865/,"jew,jewish","jewish,refugee",1,
174584,71983,JEWS AND ARABS MEET IN RHODES,https://www.britishpathe.com/asset/71983/,jew,,0,
174833,72033,JEWS BACK IN NAZARETH,https://www.britishpathe.com/asset/72033/,jew,,0,
174914,88552,JEWELLERY EXHIBITION,https://www.britishpathe.com/asset/88552/,jew,,0,
175025,88441,Selected Originals - THE CROWN JEWELS,https://www.britishpathe.com/asset/88441/,jew,,0,
175026,88440,THE CROWN JEWELS,https://www.britishpathe.com/asset/88440/,jew,,0,
175669,105995,JEWISH CHILD REFUGEES,https://www.britishpathe.com/asset/105995/,"jew,jewish","jewish,refugee",1,
176202,217525,ERECTED JEWISH SETTLEMENT: ISRAEL,https://www.britishpathe.com/asset/217525/,"jew,jewish","jewish,israel",1,
176217,70717,JEWISH VETERANS PROTEST IN WASHINGTON,https://www.britishpathe.com/asset/70717/,"jew,jewish",jewish,1,
176278,71079,INCIDENT ON JEWISH REFUGEE SHIP,https://www.britishpathe.com/asset/71079/,"jew,jewish","jewish,refugee",1,
176381,71025,CYPRUS - JEWISH IMMIGRANTS ARRIVE,https://www.britishpathe.com/asset/71025/,"jew,jewish",jewish,1,
176526,70949,RABBITS FOR SALE (issue title WHEELSPIN TO WILTON! ),https://www.britishpathe.com/asset/70949/,rabbi,rabbi,1,
176607,70907,JEWISH CHILDREN ON WAY TO PALESTINE,https://www.britishpathe.com/asset/70907/,"jew,jewish",jewish,1,
176638,71187,JEWISH POLICE RECRUITS IN PALESTINE,https://www.britishpathe.com/asset/71187/,"jew,jewish",jewish,1,
176655,71170,JEWISH AGENCY LEADERS RELEASED,https://www.britishpathe.com/asset/71170/,"jew,jewish",jewish,1,
176669,71156,JEWISH NEW YEAR IN PALESTINE,https://www.britishpathe.com/asset/71156/,"jew,jewish",jewish,1,
176693,71132,JEWISH AGENCY LEADERS RELEASED,https://www.britishpathe.com/asset/71132/,"jew,jewish",jewish,1,
178012,69910,JEWISH REFUGEES IN US,https://www.britishpathe.com/asset/69910/,"jew,jewish","jewish,refugee",1,
178133,70189,MURDER OF JEWELLER AT LEEDS,https://www.britishpathe.com/asset/70189/,jew,,0,
178225,70097,MENACE OF THE RABBIT,https://www.britishpathe.com/asset/70097/,rabbi,rabbi,1,
178378,217115,PALESTINE - JEWS FREED BY BRITISH,https://www.britishpathe.com/asset/217115/,jew,,0,
179077,217316,RABBIT EXHIBITION,https://www.britishpathe.com/asset/217316/,rabbi,rabbi,1,
180043,69468,RABBIT EXHIBITION,https://www.britishpathe.com/asset/69468/,rabbi,rabbi,1,
181582,67924,WIDE WIDE WORLD (aka PEACE TREATY / CARNIVAL / HESSE JEWELS),https://www.britishpathe.com/asset/67924/,jew,,0,
181883,68221,ISSY BONN - THE FAMOUS HEBREW COMEDIAN,https://www.britishpathe.com/asset/68221/,hebrew,hebrew,1,
182218,68770,PALESTINE: SCENES &amp; JEWISH LEADERS,https://www.britishpathe.com/asset/68770/,"jew,jewish",jewish,1,
182219,68769,PALESTINE: SCENES &amp; JEWISH LEADERS,https://www.britishpathe.com/asset/68769/,"jew,jewish",jewish,1,
182309,68979,JEWISH REFUGEES AT HAMBURG,https://www.britishpathe.com/asset/68979/,"jew,jewish","jewish,refugee",1,
182499,85889,JEWEL OF THE YEAR,https://www.britishpathe.com/asset/85889/,jew,,0,
182915,86172,JEWELS WORTH MILLIONS (aka MODERN JEWELLERY EXHIBITION),https://www.britishpathe.com/asset/86172/,jew,,0,
183174,86512,JEWELLERY FOR ALL,https://www.britishpathe.com/asset/86512/,jew,,0,
183441,97445,CROWN JEWELS,https://www.britishpathe.com/asset/97445/,jew,,0,
184610,208282,"DUKE AT £2,000,000 CARTIER JEWEL EXHIBITION IN AID OF NATIONAL PLAYING FIELDS",https://www.britishpathe.com/asset/208282/,jew,,0,
184811,208088,QUEEN JULIANA &amp; PRINCE BERNHARD ATTEND JEWISH SYNAGOGUE,https://www.britishpathe.com/asset/208088/,"jew,jewish,synagogue","jewish,synagogue",1,
185310,207836,ISSY BONN - THE FAMOUS HEBREW COMEDIAN,https://www.britishpathe.com/asset/207836/,hebrew,hebrew,1,
185869,66934,ITS A JEWEL (aka IT,https://www.britishpathe.com/asset/66934/,jew,,0,
185952,67192,JEWEL MODES (aka TOMMY HANDLEY INTROS JEWEL MODES),https://www.britishpathe.com/asset/67192/,jew,,0,
187583,97049,"RABBITS, MARMOTS &amp; POULTRY ON SHOW IN HOLLAND",https://www.britishpathe.com/asset/97049/,rabbi,rabbi,1,
188842,206844,JEWISH REFUGEES FROM EGYPT AND HUNGARY ARRIVE IN ISRAEL,https://www.britishpathe.com/asset/206844/,"jew,jewish","jewish,israel,refugee",1,
190129,66368,SKATING JEWELS,https://www.britishpathe.com/asset/66368/,jew,,0,
190326,84271,HATTON GARDEN BEATS JEWEL BANDITS,https://www.britishpathe.com/asset/84271/,jew,,0,
